sku;nombre_en_defontana;bodega;stock_defontana;reservado;por_recibir
102152;CARISTOP 5000 PASTA X 51 G;BODEGACENTRAL;0;0;720
260104659;CLORHEXIDINA 0.12 120 ML ORALGENE;BODEGACENTRAL;0;0;0
3M-70-2014-2086-9;CLINPRO CLEAR MINT FLAVOR;BODEGACENTRAL;0;0;0
3MADHE003;ADHESIVO SCOTCHBOND UNIVERSAL PLUS ADHESIVE 1.5ML;BODEGACENTRAL;0;0;0
3MCONCISE001;KIT SELLANTE CONCISE FOTOCURADO;BODEGACENTRAL;0;0;0
3MDS1981M;DISCO SOFLEX 1981M;BODEGACENTRAL;0;0;0
3MDS1981SF;DISCO SOLFEX 1981SF;BODEGACENTRAL;0;0;0
3MDS1982F;DISCOS SOFLEX 1982F;BODEGACENTRAL;0;0;0
3MDS1982SF;DISCOS SOFLEX 1982SF;BODEGACENTRAL;0;0;0
3MDS2381F;DISCO SOFLEX 2381F;BODEGACENTRAL;0;0;0
3MDS2382F;DISCO SOFLEX 2382F;BODEGACENTRAL;0;0;0
3MFLUOR001;CLINPRO WHITE VARNISH 100 DOSIS 3M SABOR MENTA;BODEGACENTRAL;0;0;0
3MFLUOR002;CLINPRO WHITE VARNISH 100 DOSIS 3M SABOR CHERRY;BODEGACENTRAL;0;0;0
3MFLUOR006;CLINPRO WHITE VARNISH MENTA X UNIDAD;BODEGACENTRAL;0;0;0
3MFLUOR007;CLINPRO WHITE VARNISH CHERRY X UNIDAD;BODEGACENTRAL;0;0;0
3MVITRE001;VITREBOND 9 GR POLVO Y 5,5 ML LIQUIDO;BODEGACENTRAL;0;0;0
3MVITRE003;VITREBOND LIQUIDO 5.5 ML;BODEGACENTRAL;0;0;0
70201024928;CONCISE SELLANTE 3M;BODEGACENTRAL;0;0;0
9812285;OPALLIS ODONTOPED. B05 JERINGA REFILL 2 G.;BODEGACENTRAL;0;0;0
ACIDP502;ACIDO POLIGLICOLICO HR 25 50;BODEGACENTRAL;0;0;0
AGIN002;ALGINATO SIFLEX RAPIDO X 450 GRS;BODEGACENTRAL;0;0;0
AGIN003;ALGINATO SIFLEX NORMAL X 450 GRS;BODEGACENTRAL;0;0;0
ALCGEL5;ALCOHOL GEL 5 LT;BODEGACENTRAL;0;0;0
ANE006;ANESTESIA ISOCAINE 2%;BODEGACENTRAL;0;0;0
ANES005;ANESTESIA SEPTANEST 4%;BODEGACENTRAL;0;0;0
ANES006;ANESTESIA NEW STETIC 2%;BODEGACENTRAL;0;0;0
ANES011;ANESTESIA MEPIVACAINA 2% TUBO DE VIDRIO - NEW STETIC;BODEGACENTRAL;0;0;0
ANGELUS005;MTA ANGELUS BLANCO;BODEGACENTRAL;0;0;0
ANGELUS007;BIO C SEALER KIT 4 JERINGAS (2 GRAMOS);BODEGACENTRAL;0;0;0
AVDIABALON014;FRESA DIAMANTE BALON DE RUGBY GRANO MEDIO 368 014 AV;BODEGACENTRAL;0;0;0
AVDIABALON014GF;FRESA DIAMANTE BALON DE RUGBY GRANO FINO 368 014 AV;BODEGACENTRAL;0;0;0
AVDIABALON023;FRESA DIAMANTE BALON DE RUGBY 368 023 SUPERFINO AV;BODEGACENTRAL;0;0;0
BANDA003;BANDA MATRIZ MOLAR 7MM X 1 MTS	;BODEGACENTRAL;0;0;0
CAMP80;CAMPO ESTERIL 80X80;BODEGACENTRAL;0;0;0
CEPILLO0004;ESCOBILLAS DE PROFILAXIS MULTICOLOR NYLON;BODEGACENTRAL;0;0;0
CERA001;CERA ROSADA;BODEGACENTRAL;0;0;0
CINTA003;CINTA INDICADOR MULTIPARAMETRO DE ESTERILIZACION P/VAPOR;BODEGACENTRAL;0;0;0
CLEANC001;GUANTE DE LATEX TALLA XS CLEANCARRIER;BODEGACENTRAL;0;0;0
CLEANC002;GUANTE DE LATEX TALLA S CLEANCARRIER;BODEGACENTRAL;0;0;0
CLEANC003;GUANTE DE LATEX TALLA M CLEANCARRIER;BODEGACENTRAL;0;0;0
CLEANC004;GUANTE DE LATEX TALLA L CLEANCARRIER;BODEGACENTRAL;0;0;0
CONOGUTAGAPA003;CONO GUTAPERCHA 25 GAPADENT;BODEGACENTRAL;0;0;0
CONOPAPELGAPA003;CONO PAPEL 25 GAPADENT;BODEGACENTRAL;0;0;0
CONOPAPELGAPA004;CONO PAPEL 30 GAPADENT;BODEGACENTRAL;0;0;0
CONOPAPELGAPA005;CONO PAPEL 35 GAPADENT;BODEGACENTRAL;0;0;0
CONOPAPELGAPA006;CONO PAPEL 40 GAPADENT;BODEGACENTRAL;0;0;0
CONTRAANG001;CONTRA ANGULO PUSH BUTTON LISONG;BODEGACENTRAL;0;0;0
CURAPROX020;CEPILLO 5460 ULTRASOFT CELLOPHANE;BODEGACENTRAL;0;0;0
DAGUJA001;AGUJA CORTA MISAWA 30G;BODEGACENTRAL;0;0;0
DAGUJA003;AGUJAS CORTA TERUMO;BODEGACENTRAL;0;0;0
DAGUJA004;AGUJAS EXTRACORTA MISAWA;BODEGACENTRAL;0;0;0
DAGUJA006;AGUJA CORTA C-K JECT 30G 0,3x21;BODEGACENTRAL;0;0;0
DAGUJA007;AGUJA LARGA C-K JECT 27G 0,4x25;BODEGACENTRAL;0;0;0
DAGUJA008;AGUJA LARGA C-K JECT 27G 0,4x35;BODEGACENTRAL;0;0;0
DBABERO001;BABERO DENTAL CRANBERRY AZUL X 100;BODEGACENTRAL;0;0;0
DBABERO002;PECHERA POLY BIBS CELESTE BOLSA X 125;BODEGACENTRAL;0;0;0
DENCO001;FRESAS PEESO DENCO 32MM N°1;BODEGACENTRAL;0;0;0
DENCO002;FRESAS PEESO DENCO 32MM N°2;BODEGACENTRAL;0;0;0
DENCO003;FRESAS PEESO DENCO 32MM N°3;BODEGACENTRAL;0;0;0
DENCO008;FRESAS GATES SURTIDAS;BODEGACENTRAL;0;0;0
DENTSPLY005;FRESAS LARGO PEESO N°1;BODEGACENTRAL;0;0;0
DENTSPLY157;MOOSER SYSTEM 55C 95/10 - 115/10 - 135/10 250 C/U + LLAVE FRESAS;BODEGACENTRAL;0;0;0
DESENGRASANTE001;DESENGRASANTE EXTRA FUERTE 5 LT;BODEGACENTRAL;0;0;0
DEYECTOR2;EYECTORES DE SALIVA VERDE;BODEGACENTRAL;0;0;0
DLATEX014;LATEX CRANBERRY M LP;BODEGACENTRAL;0;0;0
DLATEX017;LATEX SUPERGUARD S C/P;BODEGACENTRAL;0;0;0
DLATEX020;LATEX CRANBERRY M CP;BODEGACENTRAL;0;0;0
DLATEX024;LATEX MUNCARE M C/P;BODEGACENTRAL;0;0;0
DLATEX036;LATEX MACHTIG XS C/P;BODEGACENTRAL;0;0;0
DNITCLEANL;NITRILO CLEANCARRIER AZUL TALLA L;BODEGACENTRAL;0;0;0
DNITCLEANM;NITRILO CLEANCARRIER AZUL TALLA M;BODEGACENTRAL;0;0;0
DNITCLEANS;NITRILO CLEANCARRIER AZUL TALLA S;BODEGACENTRAL;0;0;0
DNITCLEANXS;NITRILO CLEANCARRIER AZUL TALLA XS;BODEGACENTRAL;0;0;0
DNITMACNEGL;NITRILO MACHTIG NEGRO TALLA L;BODEGACENTRAL;0;0;0
DNITMACNEGM;NITRILO MACHTIG NEGRO TALLA M;BODEGACENTRAL;0;0;0
DNITMACNEGS;NITRILO MACHTIG NEGRO TALLA S;BODEGACENTRAL;0;0;0
DNITMADE001;NITRILO HEALTH TOUCH TALLA XS;BODEGACENTRAL;0;0;0
DNITMADE002;NITRILO HEALTH TOUCH TALLA S;BODEGACENTRAL;0;0;0
DNITMADE003;NITRILO HEALTH TOUCH TALLA M;BODEGACENTRAL;0;0;0
DNITMADE004;NITRILO HEALTH TOUCH TALLA L;BODEGACENTRAL;0;0;0
DNITMERRYL;NITRILO MERRYCARE CELESTE TALLA L;BODEGACENTRAL;0;0;0
DNITMERRYM;NITRILO MERRYCARE CELESTE TALLA M;BODEGACENTRAL;0;0;0
DNITMERRYS;NITRILO MERRYCARE CELESTE TALLA S;BODEGACENTRAL;0;0;0
DNITMERRYXS;NITRILO MERRYCARE CELESTE TALLA XS;BODEGACENTRAL;0;0;0
DNITMUNCS;NITRILO MUNCARE TALLA S;BODEGACENTRAL;0;0;0
DNITTRESBM;NITRILO TRESOR BLANCO M;BODEGACENTRAL;0;0;0
DNITTRESBS;NITRILO TRESOR BLANCO S;B3215;0;0;0
DNITTRESBS;NITRILO TRESOR BLANCO S;BODEGACENTRAL;0;0;0
DNITTRESL;NITRILO TRESOR AZUL L;BODEGACENTRAL;0;0;0
DNITTRESM;NITRILO TRESOR AZUL M;BODEGACENTRAL;0;0;500
DNITTRESS;NITRILO TRESOR AZUL S;BODEGACENTRAL;0;0;500
DNITTRESXS;NITRILO TRESOR AZUL XS;BODEGACENTRAL;0;0;0
DROLLO20-A;ROLLO ESTERILIZACION 20X200 SIN FUELLE - A;BODEGACENTRAL;0;0;0
DVASOS001;VASOS 120CC;BODEGACENTRAL;0;0;0
EQUIPO012;TORQUIMETRO PARA ULTRASONIDO TW-1L WOODPECKER;BODEGACENTRAL;0;0;0
EQUIPO016;TORQUIMETRO PARA ULTRASONIDO SIRONA TS-1L MARCA WOODPECKER;BODEGACENTRAL;0;0;0
ESTERIL60LP;GUANTE ESTERIL 6/0 L/P;BODEGACENTRAL;0;0;0
ESTERIL75;GUANTE ESTERIL 7/5;BODEGACENTRAL;0;0;0
ESTERIL75LP;GUANTE ESTERIL 7/5 L/P;BODEGACENTRAL;0;0;0
ESTERIL80LP;GUANTE ESTERIL 8/0 L/P;BODEGACENTRAL;0;0;0
FRESA0003;FRESA CARBIDE BAJA VELOCIDAD REDONDA 0.14;BODEGACENTRAL;0;0;0
FRESA0008;FRESA TRONCOCONICA ALTA VELOCIDAD GRANO FINO 0.14;BODEGACENTRAL;0;0;0
FRESA0009;FRESA TRONCOCONICA ALTA VELOCIDAD GRANO FINO 0.16;BODEGACENTRAL;0;0;0
FRESA0012;FRESA DIAM. LLAMA ALTA VELOCIDAD GRANO FINO 0.23;BODEGACENTRAL;0;0;0
FRESA0013;FRESA DIAM. LLAMA ALTA VELOCIDAD GRANO SUPER FINO 0.23;BODEGACENTRAL;0;0;0
FRESAGATES001;FRESA GATES EHROS N°1;BODEGACENTRAL;0;0;0
FRESAPEESO001;SET FRESA LARGO PEESO N°1 32 MM ROGIN;BODEGACENTRAL;0;0;0
FRESAPEESO002;SET FRESA LARGO PEESO N°2 32 MM ROGIN;BODEGACENTRAL;0;0;0
FRESAS003;CARBIDE CILINDRICA EXT. PLANO CORTE CRUZADO C31 012 PM.;BODEGACENTRAL;0;0;0
HEMO003;HEMOSTATICO LIQUIDO HEMOPARE 10 ML MAQUIRA;BODEGACENTRAL;0;0;0
HILORETR001;HILO RETRACTOR #1 - 2 METROS;BODEGACENTRAL;0;0;0
HILORETR002;HILO RETRACTOR #2 - 2 METROS;BODEGACENTRAL;0;0;0
HILORETR004;HILO RETRACTOR SIN SULFATO 000;BODEGACENTRAL;0;0;0
IDENT031;HILO RETRACTOR SURE/CORD N°000;BODEGACENTRAL;0;0;0
IDENT032;HILO RETRACTOR SURE/CORD N°00;BODEGACENTRAL;0;0;0
IDENT033;HILO RETRACTOR SURE/CORD N°0;BODEGACENTRAL;0;0;0
INSTRU042;SONDA HU-FRIEDY U.OF NORTH CAROLINA SATIN STEEL, PCPUNC156.;BODEGACENTRAL;0;0;0
INSTRU154;ESPATULA PLASTICA PARA VIDRIO IONOMERO;BODEGACENTRAL;0;0;0
KERR002;ADHESIVO CUBETAS VPS KERR 5ML;BODEGACENTRAL;0;0;0
KERR004;FG505R - FRESA DIAMANTE GRANO REGULAR CILINDRICA LARGA PUNTA PLANA A/V 012;BODEGACENTRAL;0;0;0
KERR005;FG575C - FRESA DIAMANTE GRANO GRUESO CILINDRICA LARGA PUNTA REDONDA A/V 016;BODEGACENTRAL;0;0;0
KERR006;FG110R - FRESA DIAMANTE GRANO REGULAR REDONDA A/V 009;BODEGACENTRAL;0;0;0
KERR007;FG786R - FRESA DIAMANTE GRANO REGULAR CONICA O TRONCO CONICA PUNTA REDONDEADA A/V 021;BODEGACENTRAL;0;0;0
KERR008;FG4236P - FRESA DIAMANTE PULIDO COMPOSITE GRANO FINO AGUJA LARGA A/V 014;BODEGACENTRAL;0;0;0
KERR009;FG4201 - FRESA DIAMANTE PULIDO COMPOSITE GRANO FINO REDONDA A/V 016;BODEGACENTRAL;0;0;0
KERR010;FG4255 - FRESA DIAMANTE PULIDO COMPOSITE GRANO FINO BALON A/V 021;BODEGACENTRAL;0;0;0
KERR011;FG4205L - FRESA DIAMANTE PULIDO COMPOSITE GRANO FINO LLAMA A/V 10;BODEGACENTRAL;0;0;0
KERR012;FG252R - FRESA DIAMANTE GRANO REGULAR TORPEDO A/V 014;BODEGACENTRAL;0;0;0
KERR013;FG121R - FRESA DIAMANTE GRANO REGULAR REDONDA A/V 01;BODEGACENTRAL;0;0;0
KERR014;FG120R - FRESA DIAMANTE GRANO REGULAR REDONDA A/V 014;BODEGACENTRAL;0;0;0
KERR015;FG630F - FRESA DIAMANTE GRANO FINO BALON A/V 023;BODEGACENTRAL;0;0;0
KERR016;FG620R - FRESA DIAMANTE GRANO REGULAR BALON A/V 025;BODEGACENTRAL;0;0;0
KERR017;FG610SF - FRESA DIAMANTE GRANO SUPER FINO BALON A/V 018;BODEGACENTRAL;0;0;0
KERR025;FG630R - FRESA DIAMANTE GRANO REGULAR BALON A/V 023;BODEGACENTRAL;0;0;0
KERR026;FG150C - FRESA DIAMANTE GRANO GRUESO REDONDA A/V 021;BODEGACENTRAL;0;0;0
KERR027;FG131C - FRESA DIAMANTE GRANO GRUESO REDONDA A/V 016;BODEGACENTRAL;0;0;0
KERR091;FG130C - FRESA DIAMANTE GRANO GRUESO REDONDA A/V 016;BODEGACENTRAL;0;0;0
KERR092;FG217R - FRESA DIAMANTE GRANO REGULAR LLAMA A/V 014;BODEGACENTRAL;0;0;0
KERR093;FG555R - FRESA DIAMANTE GRANO REGULAR CILINDRICA LARGA PUNTA REDONDA A/V 012;BODEGACENTRAL;0;0;0
KERR094;FG728R - FRESA DIAMANTE GRANO REGULAR CONICA O TRONCO CONICA A/V 014;BODEGACENTRAL;0;0;0
KERR095;FG527R - FRESA DIAMANTE GRANO REGULAR CILINDRICA CORTA PLUMA PLANA A/V 012;BODEGACENTRAL;0;0;0
KERR096;440007 - FRESA CARBIDE ESPECIAL ALTA VELOCIDAD DE TALLO MEDIO ZREKYA ZK A/V 015 - FG199Z;BODEGACENTRAL;0;0;0
KERR097;400296 - FRESA CARBIDE PIEZA DE MANO REDONDA P/M 018 - HP6;BODEGACENTRAL;0;0;0
KERR107;COMPOSITE HARMONIZE KIT INTRO 4 X 2 GR;BODEGACENTRAL;0;0;0
KITQUIR001;KIT DE CIRUGIA;BODEGACENTRAL;0;0;0
KITQUIR003;KIT DE CIRUGIA MERRYCARE;BODEGACENTRAL;0;0;0
LYSANDA008;SILANO 5ML LYSANDA;BODEGACENTRAL;0;0;0
LYSANDA022;BARRERA GINGIVAL LYSDAM 1 JER 2,5GR;BODEGACENTRAL;0;0;0
LYSANDA029;BANDA MATRIZ 7MM LYSANDA;BODEGACENTRAL;0;0;0
MAQUIRA008;GELITA HEMOSPON MAQUIRA x 40;BODEGACENTRAL;0;0;0
MAQUIRA020;HEMOSPON 40 UNIDADES;BODEGACENTRAL;0;0;0
MAQUIRA028;ACIDO ORTOFOSFORICO GEL 37% MAQUIRA;BODEGACENTRAL;0;0;0
MAQUIRA046;BANDA MATRIZ 7MM MARCA MAQUIRA;BODEGACENTRAL;0;0;0
MASC004;MASCARILLA NIÑOS 3 PLIEGUES;BODEGACENTRAL;0;0;0
MONOJET001;MONOJET 27 GA X 100 (JERINGA DE IRRIGACION);BODEGACENTRAL;0;0;0
MONOJET003;JERINGA DE IRRIGACION 30 GA X 100;BODEGACENTRAL;0;0;0
NITEVOLVE001;NITRILO EVOLVE LP M;BODEGACENTRAL;0;0;0
NITNIPL;NITRILO LIBRE DE POLVO TALLA L MARCA NIPRO;BODEGACENTRAL;0;0;0
NITNIPM;NITRILO LIBRE DE POLVO TALLA M MARCA NIPRO;BODEGACENTRAL;0;0;0
NITNIPS;NITRILO LIBRE DE POLVO TALLA S MARCA NIPRO;BODEGACENTRAL;0;0;0
NITTOPM;NITRILO TOP GLOVE TALLA M C/P;BODEGACENTRAL;0;0;0
NITTOPS;NITRILO TOP GLOVE TALLA S C/P;BODEGACENTRAL;0;0;0
NITTOPXS;NITRILO TOP GLOVE TALLA XS C/P;BODEGACENTRAL;0;0;0
NITTRESM;NITRILO TRESOR AZUL M;BODEGACENTRAL;0;0;0
NYLON003;NYLON AZUL 3/0 DS 25;BODEGACENTRAL;0;0;0
PPROFIL001;PASTA PROFILACTICA DETARTRINE;BODEGACENTRAL;0;0;0
PROMO003;10 PAQUETES DE EYECTORES DE SALIVA;BODEGACENTRAL;0;0;0
RESFORMA014;ULTRA-ETCH INDISPENCE 1,2ML;BODEGACENTRAL;0;0;0
SILIC004;SILICONA POR ADICION EXPRESS PUTTY SOFT 3M;BODEGACENTRAL;0;0;0
SUERO250-A;CLORURO DE SODIO 0,9% 250ML BPH;BODEGACENTRAL;0;0;0
SUTURA0031;SEDA NEGRA 3/0 HS25;BODEGACENTRAL;0;0;0
TIRANER001;TIRA NERVIOS 1-6 (SURTIDOS) 25MM;BODEGACENTRAL;0;0;0
TIRANER002;TIRANERVIO 21MM NUMERO 2 COLOR AMARILLO;BODEGACENTRAL;0;0;0
TIRANER003;TIRANERVIO 21MM NUMERO 3 COLOR ROJO;BODEGACENTRAL;0;0;0
ULTRADENT008;OPALESCENCE BOOST PF 40% 1 JER + 1 OPALDAM;BODEGACENTRAL;0;0;0
VINTPCPM;VINILO TOP GLOVE M CP;BODEGACENTRAL;0;0;0
VINTPCPXS;VINILO TOP GLOVE XS CP;BODEGACENTRAL;0;0;0
VINTPLPM;VINILO TOP GLOVE M LP;BODEGACENTRAL;0;0;0
VINTPLPXS;VINILO TOP GLOVE XS LP;BODEGACENTRAL;0;0;0
VOCO001;PROFLUORID VARNISH SD MELON 100 UNIDADES;BODEGACENTRAL;0;0;0
VOCO015;PROFLUORID VARNISH MELON TUBO;BODEGACENTRAL;0;0;0
gomadique004;GOMA DIQUE AZUL SANCTUARY 5x5;BODEGACENTRAL;0;0;0
